Workbook

Sheet data
A1: ID number | B1: DATE | C1: HOUR | D1: Hour2 | E1: Day_moment | F1: STREET | G1: DISTRICT | H1: District_area | I1: ACCIDENT TYPE | J1: WEATHER | K1: PERSON | L1: AGE RANGE | M1: SEX | N1: LESIVITY
A2: 2019S018545 | B2: 43563 | C2: 0.51388889 | D2: =HOUR(C2) -> 12 | E2: =IF(D2<15,"Before 15","After 15") -> Before 15 | F2: AVDA. MANZANARES | G2: =VLOOKUP(F2,DISTRICTS!B$2:C$626,2,FALSE) -> USERA | H2: =IFERROR(VLOOKUP(G2,'areas for question 4'!A$2:B$10,2,FALSE),"") | I2: Hitting a person | J2: Cloudy | K2: Pedestrian | L2: FROM 0 TO 5 YEARS OLD | M2: Male | N2: 7
A3: 2019S021283 | B3: 43595 | C3: 0.48611111 | D3: =HOUR(C3) -> 11 | E3: =IF(D3<15,"Before 15","After 15") -> Before 15 | F3: MADRID RIO | G3: =VLOOKUP(F3,DISTRICTS!B$2:C$626,2,FALSE) -> CARABANCHEL | H3: =IFERROR(VLOOKUP(G3,'areas for question 4'!A$2:B$10,2,FALSE),"") | I3: Reach | J3: Clear | K3: Passenger | L3: FROM 0 TO 5 YEARS OLD | M3: Male | N3: 14
A4: 2019S023732 | B4: 43629 | C4: 0.89930556 | D4: =HOUR(C4) -> 21 | E4: =IF(D4<15,"Before 15","After 15") -> After 15 | F4: CALL. JACOMETREZO | G4: =VLOOKUP(F4,DISTRICTS!B$2:C$626,2,FALSE) -> CENTRO | H4: =IFERROR(VLOOKUP(G4,'areas for question 4'!A$2:B$10,2,FALSE),"") | I4: Hitting a person | J4: Clear | K4: Pedestrian | L4: FROM 0 TO 5 YEARS OLD | M4: Female | N4: 2
A5: 2019S026332 | B5: 43659 | C5: 0.91666667 | D5: =HOUR(C5) -> 22 | E5: =IF(D5<15,"Before 15","After 15") -> After 15 | F5: AVDA. MANZANARES / PQUE. MADRID RIO | G5: =VLOOKUP(F5,DISTRICTS!B$2:C$626,2,FALSE) -> CARABANCHEL | H5: =IFERROR(VLOOKUP(G5,'areas for question 4'!A$2:B$10,2,FALSE),"") | I5: Hitting a person | J5: Clear | K5: Pedestrian | L5: FROM 0 TO 5 YEARS OLD | M5: Male | N5: 1
A6: 2019S027484 | B6: 43663 | C6: 0.84027778 | D6: =HOUR(C6) -> 20 | E6: =IF(D6<15,"Before 15","After 15") -> After 15 | F6: PQUE. MADRID RIO, +00300E | G6: =VLOOKUP(F6,DISTRICTS!B$2:C$626,2,FALSE) -> LATINA | H6: =IFERROR(VLOOKUP(G6,'areas for question 4'!A$2:B$10,2,FALSE),"") | I6: Hitting a person | J6: Clear | K6: Pedestrian | L6: FROM 0 TO 5 YEARS OLD | M6: Male | N6: 7
A7: 2019S029101 | B7: 43706 | C7: 0.61458333 | D7: =HOUR(C7) -> 14 | E7: =IF(D7<15,"Before 15","After 15") -> Before 15 | F7: PASEO. ALBERTO PALACIOS | G7: =VLOOKUP(F7,DISTRICTS!B$2:C$626,2,FALSE) -> VILLAVERDE | H7: =IFERROR(VLOOKUP(G7,'areas for question 4'!A$2:B$10,2,FALSE),"") | I7: Hitting a person | J7: Clear | K7: Pedestrian | L7: FROM 0 TO 5 YEARS OLD | M7: Male | N7: 7
A8: 2019S029560 | B8: 43713 | C8: 0.80902778 | D8: =HOUR(C8) -> 19 | E8: =IF(D8<15,"Before 15","After 15") -> After 15 | F8: CALL. FRANCOS RODRIGUEZ | G8: =VLOOKUP(F8,DISTRICTS!B$2:C$626,2,FALSE) -> TETUÁN | H8: =IFERROR(VLOOKUP(G8,'areas for question 4'!A$2:B$10,2,FALSE),"") -> North | I8: Hitting a person | J8: Clear | K8: Pedestrian | L8: FROM 0 TO 5 YEARS OLD | M8: Male | N8: 7
A9: 2019S034766 | B9: 43761 | C9: 0.82638889 | D9: =HOUR(C9) -> 19 | E9: =IF(D9<15,"Before 15","After 15") -> After 15 | F9: AVDA. POBLADOS / CALL. CERILLERAS | G9: =VLOOKUP(F9,DISTRICTS!B$2:C$626,2,FALSE) -> CARABANCHEL | H9: =IFERROR(VLOOKUP(G9,'areas for question 4'!A$2:B$10,2,FALSE),"") | I9: Head-on collision | J9: Clear | K9: Driver | L9: FROM 0 TO 5 YEARS OLD | M9: Male | N9: 7
A10: 2019S036089 | B10: 43788 | C10: 0.38194444 | D10: =HOUR(C10) -> 9 | E10: =IF(D10<15,"Before 15","After 15") -> Before 15 | F10: CALL. MARTIN MUÑOZ DE LAS POSADAS | G10: =VLOOKUP(F10,DISTRICTS!B$2:C$626,2,FALSE) -> VILLA DE VALLECAS | H10: =IFERROR(VLOOKUP(G10,'areas for question 4'!A$2:B$10,2,FALSE),"") | I10: Lateral collision | J10: Clear | K10: Passenger | L10: FROM 0 TO 5 YEARS OLD | M10: Female | N10: 14
A11: 2019S039890 | B11: 43826 | C11: 0.77083333 | D11: =HOUR(C11) -> 18 | E11: =IF(D11<15,"Before 15","After 15") -> After 15 | F11: CALL. ALEJANDRO SANCHEZ | G11: =VLOOKUP(F11,DISTRICTS!B$2:C$626,2,FALSE) -> CARABANCHEL | H11: =IFERROR(VLOOKUP(G11,'areas for question 4'!A$2:B$10,2,FALSE),"") | I11: Hitting a person | J11: Unknown | K11: Pedestrian | L11: FROM 0 TO 5 YEARS OLD | M11: Male | N11: 7
A12: 2019S004939 | B12: 43486 | C12: 0.70138889 | D12: =HOUR(C12) -> 16 | E12: =IF(D12<15,"Before 15","After 15") -> After 15 | F12: CALL. SAN ENRIQUE DE OSSO | G12: =VLOOKUP(F12,DISTRICTS!B$2:C$626,2,FALSE) -> HORTALEZA | H12: =IFERROR(VLOOKUP(G12,'areas for question 4'!A$2:B$10,2,FALSE),"") | I12: Head-on collision | J12: Clear | K12: Driver | L12: FROM 10 TO 14 YEARS | M12: Male | N12: 2
A13: 2019S006655 | B13: 43495 | C13: 0.55555556 | D13: =HOUR(C13) -> 13 | E13: =IF(D13<15,"Before 15","After 15") -> Before 15 | F13: AVDA. CARABANCHEL ALTO | G13: =VLOOKUP(F13,DISTRICTS!B$2:C$626,2,FALSE) -> CARABANCHEL | H13: =IFERROR(VLOOKUP(G13,'areas for question 4'!A$2:B$10,2,FALSE),"") | I13: Head-on collision | J13: Clear | K13: Driver | L13: FROM 10 TO 14 YEARS | M13: Female | N13: 1
... A34: 2019S000045 | B34: 43468 | C34: 0.4375 | D34: =HOUR(C34) -> 10 | E34: =IF(D34<15,"Before 15","After 15") -> Before 15 | F34: CTRA. DEHESA DE LA VILLA | G34: =VLOOKUP(F34,DISTRICTS!B$2:C$626,2,FALSE) -> MONCLOA-ARAVACA | H34: =IFERROR(VLOOKUP(G34,'areas for question 4'!A$2:B$10,2,FALSE),"") | I34: Fall | J34: Clear | K34: Driver | L34: FROM 15 TO 17 YEARS | M34: Male | N34: 2
A35: 2019S001678 | B35: 43474 | C35: 0.53472222 | D35: =HOUR(C35) -> 12 | E35: =IF(D35<15,"Before 15","After 15") -> Before 15 | F35: CALL. GRAN VIA | G35: =VLOOKUP(F35,DISTRICTS!B$2:C$626,2,FALSE) -> CENTRO | H35: =IFERROR(VLOOKUP(G35,'areas for question 4'!A$2:B$10,2,FALSE),"") | I35: Reach | J35: Clear | K35: Driver | L35: FROM 15 TO 17 YEARS | M35: Male
A36: 2019S003364 | B36: 43477 | C36: 0.54375 | D36: =HOUR(C36) -> 13 | E36: =IF(D36<15,"Before 15","After 15") -> Before 15 | F36: AVDA. ENSANCHE DE VALLECAS | G36: =VLOOKUP(F36,DISTRICTS!B$2:C$626,2,FALSE) -> VILLA DE VALLECAS | H36: =IFERROR(VLOOKUP(G36,'areas for question 4'!A$2:B$10,2,FALSE),"") | I36: Head-on collision | J36: Unknown | K36: Driver | L36: FROM 15 TO 17 YEARS | M36: Female | N36: 7
A37: 2019S008448 | B37: 43502 | C37: 0.33680556 | D37: =HOUR(C37) -> 8 | E37: =IF(D37<15,"Before 15","After 15") -> Before 15 | F37: AVDA. LLANO CASTELLANO / AVDA. CARDENAL HERRERA ORIA | G37: =VLOOKUP(F37,DISTRICTS!B$2:C$626,2,FALSE) -> FUENCARRAL-EL PARDO | H37: =IFERROR(VLOOKUP(G37,'areas for question 4'!A$2:B$10,2,FALSE),"") -> North | I37: Hitting a person | J37: Clear | K37: Pedestrian | L37: FROM 15 TO 17 YEARS | M37: Female | N37: 7
A38: 2019S012142 | B38: 43516 | C38: 0.32291667 | D38: =HOUR(C38) -> 7 | E38: =IF(D38<15,"Before 15","After 15") -> Before 15 | F38: CALL. ATOCHA | G38: =VLOOKUP(F38,DISTRICTS!B$2:C$626,2,FALSE) -> CENTRO | H38: =IFERROR(VLOOKUP(G38,'areas for question 4'!A$2:B$10,2,FALSE),"") | I38: Fall | J38: Clear | K38: Driver | L38: FROM 15 TO 17 YEARS | M38: Female | N38: 7
A39: 2019S014016 | B39: 43525 | C39: 0.52083333 | D39: =HOUR(C39) -> 12 | E39: =IF(D39<15,"Before 15","After 15") -> Before 15 | F39: CALL. HACIENDA DE PAVONES / CALL. BRUJAS | G39: =VLOOKUP(F39,DISTRICTS!B$2:C$626,2,FALSE) -> MORATALAZ | H39: =IFERROR(VLOOKUP(G39,'areas for question 4'!A$2:B$10,2,FALSE),"") -> East | I39: Other | J39: Clear | K39: Driver | L39: FROM 15 TO 17 YEARS | M39: Male | N39: 7
A40: 2019S016088 | B40: 43534 | C40: 0.72638889 | D40: =HOUR(C40) -> 17 | E40: =IF(D40<15,"Before 15","After 15") -> After 15 | F40: AVDA. INGENIERO EMILIO HERRERA | G40: =VLOOKUP(F40,DISTRICTS!B$2:C$626,2,FALSE) -> HORTALEZA | H40: =IFERROR(VLOOKUP(G40,'areas for question 4'!A$2:B$10,2,FALSE),"") | I40: Head-on collision | J40: Clear | K40: Driver | L40: FROM 15 TO 17 YEARS | M40: Female | N40: 7
A41: 2019S016322 | B41: 43541 | C41: 0.42013889 | D41: =HOUR(C41) -> 10 | E41: =IF(D41<15,"Before 15","After 15") -> Before 15 | F41: CALL. SUECIA / AVDA. CANILLEJAS A VICALVARO | G41: =VLOOKUP(F41,DISTRICTS!B$2:C$626,2,FALSE) -> SAN BLAS-CANILLEJAS | H41: =IFERROR(VLOOKUP(G41,'areas for question 4'!A$2:B$10,2,FALSE),"") -> East | I41: Fall | J41: Clear | K41: Driver | L41: FROM 15 TO 17 YEARS | M41: Male | N41: 7
A42: 2019S017198 | B42: 43549 | C42: 0.5 | D42: =HOUR(C42) -> 12 | E42: =IF(D42<15,"Before 15","After 15") -> Before 15 | F42: CALL. PORTOMARIN | G42: =VLOOKUP(F42,DISTRICTS!B$2:C$626,2,FALSE) -> FUENCARRAL-EL PARDO | H42: =IFERROR(VLOOKUP(G42,'areas for question 4'!A$2:B$10,2,FALSE),"") -> North | I42: Fall | J42: Clear | K42: Driver | L42: FROM 15 TO 17 YEARS | M42: Male | N42: 5
A43: 2019S017718 | B43: 43555 | C43: 0.51041667 | D43: =HOUR(C43) -> 12 | E43: =IF(D43<15,"Before 15","After 15") -> Before 15 | F43: PASEO. CASTELLANA | G43: =VLOOKUP(F43,DISTRICTS!B$2:C$626,2,FALSE) -> CHAMARTÍN | H43: =IFERROR(VLOOKUP(G43,'areas for question 4'!A$2:B$10,2,FALSE),"") -> North | I43: Fall | J43: Light rain | K43: Driver | L43: FROM 15 TO 17 YEARS | M43: Male | N43: 7
A44: 2019S018345 | B44: 43563 | C44: 0.63541667 | D44: =HOUR(C44) -> 15 | E44: =IF(D44<15,"Before 15","After 15") -> After 15 | F44: CALL. DOBLA / AVDA. POBLADOS | G44: =VLOOKUP(F44,DISTRICTS!B$2:C$626,2,FALSE) -> CARABANCHEL | H44: =IFERROR(VLOOKUP(G44,'areas for question 4'!A$2:B$10,2,FALSE),"") | I44: Lateral collision | J44: Clear | K44: Driver | L44: FROM 15 TO 17 YEARS | M44: Male | N44: 7
A45: 2019S018656 | B45: 43566 | C45: 0.66666667 | D45: =HOUR(C45) -> 16 | E45: =IF(D45<15,"Before 15","After 15") -> After 15 | F45: CALL. LUCHANA | G45: =VLOOKUP(F45,DISTRICTS!B$2:C$626,2,FALSE) -> CHAMBERÍ | H45: =IFERROR(VLOOKUP(G45,'areas for question 4'!A$2:B$10,2,FALSE),"") -> North | I45: Fall | J45: Clear | K45: Driver | L45: FROM 15 TO 17 YEARS | M45: Male | N45: 6
A46: 2019S020579 | B46: 43592 | C46: 0.63194444 | D46: =HOUR(C46) -> 15 | E46: =IF(D46<15,"Before 15","After 15") -> After 15 | F46: CALL. ALCALA | G46: =VLOOKUP(F46,DISTRICTS!B$2:C$626,2,FALSE) -> CENTRO | H46: =IFERROR(VLOOKUP(G46,'areas for question 4'!A$2:B$10,2,FALSE),"") | I46: Reach | J46: Clear | K46: Driver | L46: FROM 15 TO 17 YEARS | M46: Male | N46: 14
A47: 2019S020923 | B47: 43597 | C47: 0.85416667 | D47: =HOUR(C47) -> 20 | E47: =IF(D47<15,"Before 15","After 15") -> After 15 | F47: CALL. MARQUES DE VIANA | G47: =VLOOKUP(F47,DISTRICTS!B$2:C$626,2,FALSE) -> TETUÁN | H47: =IFERROR(VLOOKUP(G47,'areas for question 4'!A$2:B$10,2,FALSE),"") -> North | I47: Lateral collision | J47: Clear | K47: Driver | L47: FROM 15 TO 17 YEARS | M47: Male | N47: 7
... A78: 2019S022707 | B78: 43617 | C78: 0.95833333 | D78: =HOUR(C78) -> 23 | E78: =IF(D78<15,"Before 15","After 15") -> After 15 | F78: AVDA. ASTURIAS | G78: =VLOOKUP(F78,DISTRICTS!B$2:C$626,2,FALSE) -> TETUÁN | H78: =IFERROR(VLOOKUP(G78,'areas for question 4'!A$2:B$10,2,FALSE),"") -> North | I78: Fall | J78: Clear | K78: Driver | L78: 18 TO 20 YEARS | M78: Male | N78: 6
A79: 2019S022622 | B79: 43617 | C79: 0.12152778 | D79: =HOUR(C79) -> 2 | E79: =IF(D79<15,"Before 15","After 15") -> Before 15 | F79: AVDA. ASTURIAS / CALL. VIA LIMITE | G79: =VLOOKUP(F79,DISTRICTS!B$2:C$626,2,FALSE) -> TETUÁN | H79: =IFERROR(VLOOKUP(G79,'areas for question 4'!A$2:B$10,2,FALSE),"") -> North | I79: Head-on collision | J79: Clear | K79: Driver | L79: 18 TO 20 YEARS | M79: Male
A80: 2019S023497 | B80: 43623 | C80: 0.83680556 | D80: =HOUR(C80) -> 20 | E80: =IF(D80<15,"Before 15","After 15") -> After 15 | F80: CALL. JAVIER DE MIGUEL | G80: =VLOOKUP(F80,DISTRICTS!B$2:C$626,2,FALSE) -> PUENTE DE VALLECAS | H80: =IFERROR(VLOOKUP(G80,'areas for question 4'!A$2:B$10,2,FALSE),"") | I80: Fall | J80: Clear | K80: Driver | L80: 18 TO 20 YEARS | M80: Male | N80: 3
A81: 2019S023601 | B81: 43627 | C81: 0.81805556 | D81: =HOUR(C81) -> 19 | E81: =IF(D81<15,"Before 15","After 15") -> After 15 | F81: CALL. GENERAL LACY / CALL. ANCORA | G81: =VLOOKUP(F81,DISTRICTS!B$2:C$626,2,FALSE) -> ARGANZUELA | H81: =IFERROR(VLOOKUP(G81,'areas for question 4'!A$2:B$10,2,FALSE),"") | I81: Head-on collision | J81: Clear | K81: Driver | L81: 18 TO 20 YEARS | M81: Male | N81: 1
A82: 2019S024149 | B82: 43629 | C82: 0.85972222 | D82: =HOUR(C82) -> 20 | E82: =IF(D82<15,"Before 15","After 15") -> After 15 | F82: AVDA. MONASTERIO DE SILOS | G82: =VLOOKUP(F82,DISTRICTS!B$2:C$626,2,FALSE) -> FUENCARRAL-EL PARDO | H82: =IFERROR(VLOOKUP(G82,'areas for question 4'!A$2:B$10,2,FALSE),"") -> North | I82: Fall | J82: Clear | K82: Driver | L82: 18 TO 20 YEARS | M82: Male | N82: 2
A83: 2019S023734 | B83: 43629 | C83: 0.85763889 | D83: =HOUR(C83) -> 20 | E83: =IF(D83<15,"Before 15","After 15") -> After 15 | F83: GTA. SANTUARIO DE TISCAR | G83: =VLOOKUP(F83,DISTRICTS!B$2:C$626,2,FALSE) -> FUENCARRAL-EL PARDO | H83: =IFERROR(VLOOKUP(G83,'areas for question 4'!A$2:B$10,2,FALSE),"") -> North | I83: Crash into fixed obstacle | J83: Clear | K83: Driver | L83: 18 TO 20 YEARS | M83: Male | N83: 2
A84: 2019S023783 | B84: 43630 | C84: 0.010416667 | D84: =HOUR(C84) -> 0 | E84: =IF(D84<15,"Before 15","After 15") -> Before 15 | F84: GTA. RUIZ JIMENEZ / CALL. SAN BERNARDO | G84: =VLOOKUP(F84,DISTRICTS!B$2:C$626,2,FALSE) -> CENTRO | H84: =IFERROR(VLOOKUP(G84,'areas for question 4'!A$2:B$10,2,FALSE),"") | I84: Lateral collision | J84: Clear | K84: Driver | L84: 18 TO 20 YEARS | M84: Male | N84: 1
A85: 2019S025170 | B85: 43645 | C85: 0.69791667 | D85: =HOUR(C85) -> 16 | E85: =IF(D85<15,"Before 15","After 15") -> After 15 | F85: CALL. GENERAL RICARDOS | G85: =VLOOKUP(F85,DISTRICTS!B$2:C$626,2,FALSE) -> CARABANCHEL | H85: =IFERROR(VLOOKUP(G85,'areas for question 4'!A$2:B$10,2,FALSE),"") | I85: Hitting a person | J85: Clear | K85: Driver | L85: 18 TO 20 YEARS | M85: Male | N85: 14
A86: 2019S025348 | B86: 43648 | C86: 0.38888889 | D86: =HOUR(C86) -> 9 | E86: =IF(D86<15,"Before 15","After 15") -> Before 15 | F86: CTRA. RODAJOS | G86: =VLOOKUP(F86,DISTRICTS!B$2:C$626,2,FALSE) -> MONCLOA-ARAVACA | H86: =IFERROR(VLOOKUP(G86,'areas for question 4'!A$2:B$10,2,FALSE),"") | I86: Hitting a person | J86: Clear | K86: Pedestrian | L86: 18 TO 20 YEARS | M86: Male | N86: 14
A87: 2019S025555 | B87: 43650 | C87: 0.86458333 | D87: =HOUR(C87) -> 20 | E87: =IF(D87<15,"Before 15","After 15") -> After 15 | F87: CALL. CLAUDIO COELLO | G87: =VLOOKUP(F87,DISTRICTS!B$2:C$626,2,FALSE) -> SALAMANCA | H87: =IFERROR(VLOOKUP(G87,'areas for question 4'!A$2:B$10,2,FALSE),"") | I87: Head-on collision | J87: Clear | K87: Driver | L87: 18 TO 20 YEARS | M87: Male | N87: 6
A88: 2019S025769 | B88: 43653 | C88: 0.8125 | D88: =HOUR(C88) -> 19 | E88: =IF(D88<15,"Before 15","After 15") -> After 15 | F88: CALL. CERRO DE LA PLATA | G88: =VLOOKUP(F88,DISTRICTS!B$2:C$626,2,FALSE) -> RETIRO | H88: =IFERROR(VLOOKUP(G88,'areas for question 4'!A$2:B$10,2,FALSE),"") | I88: Crash into fixed obstacle | J88: Clear | K88: Driver | L88: 18 TO 20 YEARS | M88: Male | N88: 2
A89: 2019S026237 | B89: 43658 | C89: 0.57291667 | D89: =HOUR(C89) -> 13 | E89: =IF(D89<15,"Before 15","After 15") -> Before 15 | F89: CALL. RESINA | G89: =VLOOKUP(F89,DISTRICTS!B$2:C$626,2,FALSE) -> VILLAVERDE | H89: =IFERROR(VLOOKUP(G89,'areas for question 4'!A$2:B$10,2,FALSE),"") | I89: Head-on collision | J89: Clear | K89: Driver | L89: 18 TO 20 YEARS | M89: Male | N89: 5
A90: 2019S027182 | B90: 43672 | C90: 0.90625 | D90: =HOUR(C90) -> 21 | E90: =IF(D90<15,"Before 15","After 15") -> After 15 | F90: CALL. AZUCENAS | G90: =VLOOKUP(F90,DISTRICTS!B$2:C$626,2,FALSE) -> TETUÁN | H90: =IFERROR(VLOOKUP(G90,'areas for question 4'!A$2:B$10,2,FALSE),"") -> North | I90: Head-on collision | J90: Clear | K90: Driver | L90: 18 TO 20 YEARS | M90: Male | N90: 2
A91: 2019S027855 | B91: 43682 | C91: 0.84375 | D91: =HOUR(C91) -> 20 | E91: =IF(D91<15,"Before 15","After 15") -> After 15 | F91: AVDA. AVIACION / CTRA. BARRIO DE LA FORTUNA | G91: =VLOOKUP(F91,DISTRICTS!B$2:C$626,2,FALSE) -> LATINA | H91: =IFERROR(VLOOKUP(G91,'areas for question 4'!A$2:B$10,2,FALSE),"") | I91: Head-on collision | J91: Clear | K91: Driver | L91: 18 TO 20 YEARS | M91: Male | N91: 2
... A100: 2019S031790 | B100: 43740 | C100: 0.61458333 | D100: =HOUR(C100) -> 14 | E100: =IF(D100<15,"Before 15","After 15") -> Before 15 | F100: CALL. CARNICER | G100: =VLOOKUP(F100,DISTRICTS!B$2:C$626,2,FALSE) -> TETUÁN | H100: =IFERROR(VLOOKUP(G100,'areas for question 4'!A$2:B$10,2,FALSE),"") -> North | I100: Hitting a person | J100: Clear | K100: Driver | L100: 18 TO 20 YEARS | M100: Male | N100: 6
A101: 2019S032025 | B101: 43741 | C101: 0.88194444 | D101: =HOUR(C101) -> 21 | E101: =IF(D101<15,"Before 15","After 15") -> After 15 | F101: PLAZA. PUERTA DEL SOL / CALL. CARRETAS | G101: =VLOOKUP(F101,DISTRICTS!B$2:C$626,2,FALSE) -> CENTRO | H101: =IFERROR(VLOOKUP(G101,'areas for question 4'!A$2:B$10,2,FALSE),"") | I101: Fall | J101: Clear | K101: Driver | L101: 18 TO 20 YEARS | M101: Male
A102: 2019S033057 | B102: 43753 | C102: 0.69444444 | D102: =HOUR(C102) -> 16 | E102: =IF(D102<15,"Before 15","After 15") -> After 15 | F102: CALL. CYESA | G102: =VLOOKUP(F102,DISTRICTS!B$2:C$626,2,FALSE) -> CIUDAD LINEAL | H102: =IFERROR(VLOOKUP(G102,'areas for question 4'!A$2:B$10,2,FALSE),"") -> East | I102: Fall | J102: Clear | K102: Driver | L102: 18 TO 20 YEARS | M102: Male | N102: 7
A103: 2019S033232 | B103: 43755 | C103: 0.94791667 | D103: =HOUR(C103) -> 22 | E103: =IF(D103<15,"Before 15","After 15") -> After 15 | F103: CALL. GRAN VIA | G103: =VLOOKUP(F103,DISTRICTS!B$2:C$626,2,FALSE) -> CENTRO | H103: =IFERROR(VLOOKUP(G103,'areas for question 4'!A$2:B$10,2,FALSE),"") | I103: Reach | J103: Clear | K103: Driver | L103: 18 TO 20 YEARS | M103: Female | N103: 14
A104: 2019S033483 | B104: 43758 | C104: 0.59166667 | D104: =HOUR(C104) -> 14 | E104: =IF(D104<15,"Before 15","After 15") -> Before 15 | F104: TRVA. SAN MATEO / CALL. HORTALEZA | G104: =VLOOKUP(F104,DISTRICTS!B$2:C$626,2,FALSE) -> #N/A | H104: =IFERROR(VLOOKUP(G104,'areas for question 4'!A$2:B$10,2,FALSE),"") | I104: Head-on collision | J104: Cloudy | K104: Driver | L104: 18 TO 20 YEARS | M104: Male | N104: 7
A105: 2019S033563 | B105: 43759 | C105: 0.64236111 | D105: =HOUR(C105) -> 15 | E105: =IF(D105<15,"Before 15","After 15") -> After 15 | F105: CALL. O'DONNELL / AVDA. MENENDEZ PELAYO | G105: =VLOOKUP(F105,DISTRICTS!B$2:C$626,2,FALSE) -> RETIRO | H105: =IFERROR(VLOOKUP(G105,'areas for question 4'!A$2:B$10,2,FALSE),"") | I105: Hitting a person | J105: Clear | K105: Driver | L105: 18 TO 20 YEARS | M105: Female | N105: 14
A106: 2019S033730 | B106: 43761 | C106: 0.46527778 | D106: =HOUR(C106) -> 11 | E106: =IF(D106<15,"Before 15","After 15") -> Before 15 | F106: CALL. FERNANDEZ DE LA HOZ / CALL. GENERAL ARRANDO | G106: =VLOOKUP(F106,DISTRICTS!B$2:C$626,2,FALSE) -> CHAMBERÍ | H106: =IFERROR(VLOOKUP(G106,'areas for question 4'!A$2:B$10,2,FALSE),"") -> North | I106: Fall | J106: Light rain | K106: Driver | L106: 18 TO 20 YEARS | M106: Male | N106: 14
A107: 2019S034665 | B107: 43771 | C107: 0.48958333 | D107: =HOUR(C107) -> 11 | E107: =IF(D107<15,"Before 15","After 15") -> Before 15 | F107: COLPB. MONTE DE EL PARDO | G107: =VLOOKUP(F107,DISTRICTS!B$2:C$626,2,FALSE) -> FUENCARRAL-EL PARDO | H107: =IFERROR(VLOOKUP(G107,'areas for question 4'!A$2:B$10,2,FALSE),"") -> North | I107: Fall | J107: Clear | K107: Driver | L107: 18 TO 20 YEARS | M107: Male | N107: 6
A108: 2019S035751 | B108: 43783 | C108: 0.59027778 | D108: =HOUR(C108) -> 14 | E108: =IF(D108<15,"Before 15","After 15") -> Before 15 | F108: PLAZA. CONDE DE CASAL / AVDA. MEDITERRANEO | G108: =VLOOKUP(F108,DISTRICTS!B$2:C$626,2,FALSE) -> RETIRO | H108: =IFERROR(VLOOKUP(G108,'areas for question 4'!A$2:B$10,2,FALSE),"") | I108: Lateral collision | J108: Clear | K108: Driver | L108: 18 TO 20 YEARS | M108: Female | N108: 6
A109: 2019S037819 | B109: 43804 | C109: 0.097222222 | D109: =HOUR(C109) -> 2 | E109: =IF(D109<15,"Before 15","After 15") -> Before 15 | F109: PLAZA. CONDE DE CASAL / AVDA. MEDITERRANEO | G109: =VLOOKUP(F109,DISTRICTS!B$2:C$626,2,FALSE) -> RETIRO | H109: =IFERROR(VLOOKUP(G109,'areas for question 4'!A$2:B$10,2,FALSE),"") | I109: Fall | J109: Clear | K109: Driver | L109: 18 TO 20 YEARS | M109: Female | N109: 7
A110: 2019S039749 | B110: 43827 | C110: 0.15972222 | D110: =HOUR(C110) -> 3 | E110: =IF(D110<15,"Before 15","After 15") -> Before 15 | F110: CALL. GRAN VIA / CALL. DOCTOR CARRACIDO | G110: =VLOOKUP(F110,DISTRICTS!B$2:C$626,2,FALSE) -> CENTRO | H110: =IFERROR(VLOOKUP(G110,'areas for question 4'!A$2:B$10,2,FALSE),"") | I110: Reach | J110: Clear | K110: Driver | L110: 18 TO 20 YEARS | M110: Male
A111: 2019S000132 | B111: 43468 | C111: 0.53125 | D111: =HOUR(C111) -> 12 | E111: =IF(D111<15,"Before 15","After 15") -> Before 15 | F111: AVDA. SANTA EUGENIA / CALL. REAL DE ARGANDA | G111: =VLOOKUP(F111,DISTRICTS!B$2:C$626,2,FALSE) -> VILLA DE VALLECAS | H111: =IFERROR(VLOOKUP(G111,'areas for question 4'!A$2:B$10,2,FALSE),"") | I111: Reach | J111: Clear | K111: Driver | L111: 21 TO 24 YEARS | M111: Male | N111: 14
A112: 2019S004601 | B112: 43482 | C112: 0.82638889 | D112: =HOUR(C112) -> 19 | E112: =IF(D112<15,"Before 15","After 15") -> After 15 | F112: CALL. ARENAL / CALL. DONADOS | G112: =VLOOKUP(F112,DISTRICTS!B$2:C$626,2,FALSE) -> CENTRO | H112: =IFERROR(VLOOKUP(G112,'areas for question 4'!A$2:B$10,2,FALSE),"") | I112: Lateral collision | J112: Clear | K112: Driver | L112: 21 TO 24 YEARS | M112: Male | N112: 7
A113: 2019S010907 | B113: 43490 | C113: 0.16666667 | D113: =HOUR(C113) -> 4 | E113: =IF(D113<15,"Before 15","After 15") -> Before 15 | F113: CALL. GRAN VIA | G113: =VLOOKUP(F113,DISTRICTS!B$2:C$626,2,FALSE) -> CENTRO | H113: =IFERROR(VLOOKUP(G113,'areas for question 4'!A$2:B$10,2,FALSE),"") | I113: Head-on collision | J113: Unknown | K113: Driver | L113: 21 TO 24 YEARS | M113: Male | N113: 5
A114: 2019S008460 | B114: 43497 | C114: 0.069444444 | D114: =HOUR(C114) -> 1 | E114: =IF(D114<15,"Before 15","After 15") -> Before 15 | F114: CALL. SANTA ENGRACIA / CALL. RIOS ROSAS | G114: =VLOOKUP(F114,DISTRICTS!B$2:C$626,2,FALSE) -> CHAMBERÍ | H114: =IFERROR(VLOOKUP(G114,'areas for question 4'!A$2:B$10,2,FALSE),"") -> North | I114: Head-on collision | J114: Light rain | K114: Driver | L114: 21 TO 24 YEARS | M114: Male | N114: 7
A115: 2019S009733 | B115: 43506 | C115: 0.67013889 | D115: =HOUR(C115) -> 16 | E115: =IF(D115<15,"Before 15","After 15") -> After 15 | F115: PASEO. REINA CRISTINA / CALL. ANDRES TORREJON | G115: =VLOOKUP(F115,DISTRICTS!B$2:C$626,2,FALSE) -> RETIRO | H115: =IFERROR(VLOOKUP(G115,'areas for question 4'!A$2:B$10,2,FALSE),"") | I115: Head-on collision | K115: Driver | L115: 21 TO 24 YEARS | M115: Male
A116: 2019S009715 | B116: 43506 | C116: 0.57291667 | D116: =HOUR(C116) -> 13 | E116: =IF(D116<15,"Before 15","After 15") -> Before 15 | F116: CALL. PRINCIPE DE VERGARA | G116: =VLOOKUP(F116,DISTRICTS!B$2:C$626,2,FALSE) -> CHAMARTÍN | H116: =IFERROR(VLOOKUP(G116,'areas for question 4'!A$2:B$10,2,FALSE),"") -> North | I116: Lateral collision | J116: Clear | K116: Driver | L116: 21 TO 24 YEARS | M116: Male | N116: 7
A117: 2019S010852 | B117: 43509 | C117: 0.72916667 | D117: =HOUR(C117) -> 17 | E117: =IF(D117<15,"Before 15","After 15") -> After 15 | F117: CALL. SILVANO / CALL. FRANCISCO MOSQUEDA | G117: =VLOOKUP(F117,DISTRICTS!B$2:C$626,2,FALSE) -> HORTALEZA | H117: =IFERROR(VLOOKUP(G117,'areas for question 4'!A$2:B$10,2,FALSE),"") | I117: Hitting a person | J117: Clear | K117: Pedestrian | L117: 21 TO 24 YEARS | M117: Female | N117: 7
A118: 2019S010653 | B118: 43510 | C118: 0.59722222 | D118: =HOUR(C118) -> 14 | E118: =IF(D118<15,"Before 15","After 15") -> Before 15 | F118: PASEO. INFANTA ISABEL | G118: =VLOOKUP(F118,DISTRICTS!B$2:C$626,2,FALSE) -> RETIRO | H118: =IFERROR(VLOOKUP(G118,'areas for question 4'!A$2:B$10,2,FALSE),"") | I118: Lateral collision | J118: Clear | K118: Driver | L118: 21 TO 24 YEARS | M118: Male | N118: 7
A119: 2019S013090 | B119: 43519 | C119: 0.88541667 | D119: =HOUR(C119) -> 21 | E119: =IF(D119<15,"Before 15","After 15") -> After 15 | F119: PLAZA. ESPAÑA | G119: =VLOOKUP(F119,DISTRICTS!B$2:C$626,2,FALSE) -> MONCLOA-ARAVACA | H119: =IFERROR(VLOOKUP(G119,'areas for question 4'!A$2:B$10,2,FALSE),"") | I119: Reach | J119: Clear | K119: Driver | L119: 21 TO 24 YEARS | M119: Male | N119: 6
A120: 2019S014242 | B120: 43527 | C120: 0.87152778 | D120: =HOUR(C120) -> 20 | E120: =IF(D120<15,"Before 15","After 15") -> After 15 | F120: CALL. PRINCESA / CALL. HILARION ESLAVA | G120: =VLOOKUP(F120,DISTRICTS!B$2:C$626,2,FALSE) -> CHAMBERÍ | H120: =IFERROR(VLOOKUP(G120,'areas for question 4'!A$2:B$10,2,FALSE),"") -> North | I120: Head-on collision | J120: Clear | K120: Driver | L120: 21 TO 24 YEARS | M120: Female | N120: 7
A121: 2019S014263 | B121: 43528 | C121: 0.65625 | D121: =HOUR(C121) -> 15 | E121: =IF(D121<15,"Before 15","After 15") -> After 15 | F121: CALL. ALFONSO XII / CALL. MONTALBAN | G121: =VLOOKUP(F121,DISTRICTS!B$2:C$626,2,FALSE) -> RETIRO | H121: =IFERROR(VLOOKUP(G121,'areas for question 4'!A$2:B$10,2,FALSE),"") | I121: Lateral collision | J121: Clear | K121: Driver | L121: 21 TO 24 YEARS | M121: Male | N121: 7
A122: 2019S014722 | B122: 43532 | C122: 0.80902778 | D122: =HOUR(C122) -> 19 | E122: =IF(D122<15,"Before 15","After 15") -> After 15 | F122: AVDA. PARTENON | G122: =VLOOKUP(F122,DISTRICTS!B$2:C$626,2,FALSE) -> BARAJAS | H122: =IFERROR(VLOOKUP(G122,'areas for question 4'!A$2:B$10,2,FALSE),"") -> East | I122: Head-on collision | J122: Clear | K122: Driver | L122: 21 TO 24 YEARS | M122: Male | N122: 7
A123: 2019S016583 | B123: 43533 | C123: 0.82291667 | D123: =HOUR(C123) -> 19 | E123: =IF(D123<15,"Before 15","After 15") -> After 15 | F123: CALL. LOPEZ GRASS / AVDA. ALBUFERA | G123: =VLOOKUP(F123,DISTRICTS!B$2:C$626,2,FALSE) -> PUENTE DE VALLECAS | H123: =IFERROR(VLOOKUP(G123,'areas for question 4'!A$2:B$10,2,FALSE),"") | I123: Head-on collision | J123: Clear | K123: Driver | L123: 21 TO 24 YEARS | M123: Male | N123: 6
A124: 2019S016157 | B124: 43539 | C124: 0.91666667 | D124: =HOUR(C124) -> 22 | E124: =IF(D124<15,"Before 15","After 15") -> After 15 | F124: CALL. BRAVO MURILLO | G124: =VLOOKUP(F124,DISTRICTS!B$2:C$626,2,FALSE) -> TETUÁN | H124: =IFERROR(VLOOKUP(G124,'areas for question 4'!A$2:B$10,2,FALSE),"") -> North | I124: Lateral collision | J124: Clear | K124: Driver | L124: 21 TO 24 YEARS | M124: Male | N124: 2
A125: 2019S017942 | B125: 43549 | C125: 0.94791667 | D125: =HOUR(C125) -> 22 | E125: =IF(D125<15,"Before 15","After 15") -> After 15 | F125: CALL. HORTALEZA | G125: =VLOOKUP(F125,DISTRICTS!B$2:C$626,2,FALSE) -> CENTRO | H125: =IFERROR(VLOOKUP(G125,'areas for question 4'!A$2:B$10,2,FALSE),"") | I125: Hitting a person | J125: Clear | K125: Driver | L125: 21 TO 24 YEARS | M125: Male | N125: 2
A126: 2019S017764 | B126: 43556 | C126: 0.64097222 | D126: =HOUR(C126) -> 15 | E126: =IF(D126<15,"Before 15","After 15") -> After 15 | F126: CALL. ALCALA | G126: =VLOOKUP(F126,DISTRICTS!B$2:C$626,2,FALSE) -> CENTRO | H126: =IFERROR(VLOOKUP(G126,'areas for question 4'!A$2:B$10,2,FALSE),"") | I126: Reach | J126: Clear | K126: Driver | L126: 21 TO 24 YEARS | M126: Male | N126: 7
A127: 2019S017873 | B127: 43557 | C127: 0.57638889 | D127: =HOUR(C127) -> 13 | E127: =IF(D127<15,"Before 15","After 15") -> Before 15 | F127: AUTOV. M-607, +01500S | G127: =VLOOKUP(F127,DISTRICTS!B$2:C$626,2,FALSE) -> FUENCARRAL-EL PARDO | H127: =IFERROR(VLOOKUP(G127,'areas for question 4'!A$2:B$10,2,FALSE),"") -> North | I127: Head-on collision | J127: Cloudy | K127: Driver | L127: 21 TO 24 YEARS | M127: Male | N127: 6
... A132: 2019S021258 | B132: 43601 | C132: 0.81944444 | D132: =HOUR(C132) -> 19 | E132: =IF(D132<15,"Before 15","After 15") -> After 15 | F132: CALL. BARCELO | G132: =VLOOKUP(F132,DISTRICTS!B$2:C$626,2,FALSE) -> CENTRO | H132: =IFERROR(VLOOKUP(G132,'areas for question 4'!A$2:B$10,2,FALSE),"") | I132: Fall | J132: Clear | K132: Driver | L132: 21 TO 24 YEARS | M132: Male | N132: 5
A133: 2019S021377 | B133: 43602 | C133: 0.95277778 | D133: =HOUR(C133) -> 22 | E133: =IF(D133<15,"Before 15","After 15") -> After 15 | F133: CALL. JOSE ABASCAL | G133: =VLOOKUP(F133,DISTRICTS!B$2:C$626,2,FALSE) -> CHAMBERÍ | H133: =IFERROR(VLOOKUP(G133,'areas for question 4'!A$2:B$10,2,FALSE),"") -> North | I133: Reach | J133: Clear | K133: Driver | L133: 21 TO 24 YEARS | M133: Female
A134: 2019S022216 | B134: 43604 | C134: 0.85486111 | D134: =HOUR(C134) -> 20 | E134: =IF(D134<15,"Before 15","After 15") -> After 15 | F134: CALL. MAYOR | G134: =VLOOKUP(F134,DISTRICTS!B$2:C$626,2,FALSE) -> CENTRO | H134: =IFERROR(VLOOKUP(G134,'areas for question 4'!A$2:B$10,2,FALSE),"") | I134: Hitting a person | J134: Clear | K134: Driver | L134: 21 TO 24 YEARS | M134: Male | N134: 14
A135: 2019S022216 | B135: 43604 | C135: 0.85486111 | D135: =HOUR(C135) -> 20 | E135: =IF(D135<15,"Before 15","After 15") -> After 15 | F135: CALL. MAYOR | G135: =VLOOKUP(F135,DISTRICTS!B$2:C$626,2,FALSE) -> CENTRO | H135: =IFERROR(VLOOKUP(G135,'areas for question 4'!A$2:B$10,2,FALSE),"") | I135: Hitting a person | J135: Clear | K135: Pedestrian | L135: 21 TO 24 YEARS | M135: Female | N135: 7
A136: 2019S021753 | B136: 43606 | C136: 0.072916667 | D136: =HOUR(C136) -> 1 | E136: =IF(D136<15,"Before 15","After 15") -> Before 15 | F136: CALL. BUSTOS / CALL. SIERRA DE LOS FILABRES | G136: =VLOOKUP(F136,DISTRICTS!B$2:C$626,2,FALSE) -> PUENTE DE VALLECAS | H136: =IFERROR(VLOOKUP(G136,'areas for question 4'!A$2:B$10,2,FALSE),"") | I136: Fall | J136: Clear | K136: Driver | L136: 21 TO 24 YEARS | M136: Male | N136: 1
A137: 2019S021969 | B137: 43608 | C137: 0.88055556 | D137: =HOUR(C137) -> 21 | E137: =IF(D137<15,"Before 15","After 15") -> After 15 | F137: CALL. VAZQUEZ DE MELLA | G137: =VLOOKUP(F137,DISTRICTS!B$2:C$626,2,FALSE) -> CIUDAD LINEAL | H137: =IFERROR(VLOOKUP(G137,'areas for question 4'!A$2:B$10,2,FALSE),"") -> East | I137: Fall | J137: Clear | K137: Driver | L137: 21 TO 24 YEARS | M137: Male | N137: 2
A138: 2019S021957 | B138: 43608 | C138: 0.80555556 | D138: =HOUR(C138) -> 19 | E138: =IF(D138<15,"Before 15","After 15") -> After 15 | F138: CTRA. M-616, +00500S | G138: =VLOOKUP(F138,DISTRICTS!B$2:C$626,2,FALSE) -> FUENCARRAL-EL PARDO | H138: =IFERROR(VLOOKUP(G138,'areas for question 4'!A$2:B$10,2,FALSE),"") -> North | I138: Head-on collision | J138: Clear | K138: Driver | L138: 21 TO 24 YEARS | M138: Male | N138: 14
A139: 2019S023803 | B139: 43613 | C139: 0.875 | D139: =HOUR(C139) -> 21 | E139: =IF(D139<15,"Before 15","After 15") -> After 15 | F139: AVDA. MONTE IGUELDO | G139: =VLOOKUP(F139,DISTRICTS!B$2:C$626,2,FALSE) -> PUENTE DE VALLECAS | H139: =IFERROR(VLOOKUP(G139,'areas for question 4'!A$2:B$10,2,FALSE),"") | I139: Reach | J139: Clear | K139: Driver | L139: 21 TO 24 YEARS | M139: Male | N139: 7
A140: 2019S022584 | B140: 43616 | C140: 0.72291667 | D140: =HOUR(C140) -> 17 | E140: =IF(D140<15,"Before 15","After 15") -> After 15 | F140: CALL. PEDRO DE VALDIVIA | G140: =VLOOKUP(F140,DISTRICTS!B$2:C$626,2,FALSE) -> CHAMARTÍN | H140: =IFERROR(VLOOKUP(G140,'areas for question 4'!A$2:B$10,2,FALSE),"") -> North | I140: Crash into fixed obstacle | J140: Clear | K140: Driver | L140: 21 TO 24 YEARS | M140: Male | N140: 2
A141: 2019S023041 | B141: 43618 | C141: 0.96180556 | D141: =HOUR(C141) -> 23 | E141: =IF(D141<15,"Before 15","After 15") -> After 15 | F141: CALL. PICO DE LA MALICIOSA | G141: =VLOOKUP(F141,DISTRICTS!B$2:C$626,2,FALSE) -> PUENTE DE VALLECAS | H141: =IFERROR(VLOOKUP(G141,'areas for question 4'!A$2:B$10,2,FALSE),"") | I141: Other | J141: Clear | K141: Driver | L141: 21 TO 24 YEARS | M141: Male
A142: 2019S023089 | B142: 43621 | C142: 0.63541667 | D142: =HOUR(C142) -> 15 | E142: =IF(D142<15,"Before 15","After 15") -> After 15 | F142: CALL. GRAN VIA / CALL. ALCALA | G142: =VLOOKUP(F142,DISTRICTS!B$2:C$626,2,FALSE) -> CENTRO | H142: =IFERROR(VLOOKUP(G142,'areas for question 4'!A$2:B$10,2,FALSE),"") | I142: Lateral collision | J142: Clear | K142: Driver | L142: 21 TO 24 YEARS | M142: Male
A143: 2019S023355 | B143: 43624 | C143: 0.90972222 | D143: =HOUR(C143) -> 21 | E143: =IF(D143<15,"Before 15","After 15") -> After 15 | F143: CALL. ALFONSO XII / CALL. CLAUDIO MOYANO | G143: =VLOOKUP(F143,DISTRICTS!B$2:C$626,2,FALSE) -> RETIRO | H143: =IFERROR(VLOOKUP(G143,'areas for question 4'!A$2:B$10,2,FALSE),"") | I143: Fall | J143: Clear | K143: Driver | L143: 21 TO 24 YEARS | M143: Male | N143: 7
A144: 2019S023694 | B144: 43628 | C144: 0.81944444 | D144: =HOUR(C144) -> 19 | E144: =IF(D144<15,"Before 15","After 15") -> After 15 | F144: CALL. SANTA ENGRACIA | G144: =VLOOKUP(F144,DISTRICTS!B$2:C$626,2,FALSE) -> CHAMBERÍ | H144: =IFERROR(VLOOKUP(G144,'areas for question 4'!A$2:B$10,2,FALSE),"") -> North | I144: Head-on collision | J144: Clear | K144: Driver | L144: 21 TO 24 YEARS | M144: Male
A145: 2019S023774 | B145: 43629 | C145: 0.45138889 | D145: =HOUR(C145) -> 10 | E145: =IF(D145<15,"Before 15","After 15") -> Before 15 | F145: CALL. MAQUEDA | G145: =VLOOKUP(F145,DISTRICTS!B$2:C$626,2,FALSE) -> LATINA | H145: =IFERROR(VLOOKUP(G145,'areas for question 4'!A$2:B$10,2,FALSE),"") | I145: Other | J145: Clear | K145: Driver | L145: 21 TO 24 YEARS | M145: Male | N145: 7
A146: 2019S023766 | B146: 43630 | C146: 0.39236111 | D146: =HOUR(C146) -> 9 | E146: =IF(D146<15,"Before 15","After 15") -> Before 15 | F146: CALL. EMBAJADORES, 330 FRENTE ENTRADA CAJA MÁGIA | G146: =VLOOKUP(F146,DISTRICTS!B$2:C$626,2,FALSE) -> PUENTE DE VALLECAS | H146: =IFERROR(VLOOKUP(G146,'areas for question 4'!A$2:B$10,2,FALSE),"") | I146: Head-on collision | J146: Clear | K146: Driver | L146: 21 TO 24 YEARS | M146: Male | N146: 2
A147: 2019S023979 | B147: 43632 | C147: 0.95833333 | D147: =HOUR(C147) -> 23 | E147: =IF(D147<15,"Before 15","After 15") -> After 15 | F147: CALL. SEGOVIA / RONDA. SEGOVIA | G147: =VLOOKUP(F147,DISTRICTS!B$2:C$626,2,FALSE) -> ARGANZUELA | H147: =IFERROR(VLOOKUP(G147,'areas for question 4'!A$2:B$10,2,FALSE),"") | I147: Other | J147: Clear | K147: Driver | L147: 21 TO 24 YEARS | M147: Male | N147: 7
A148: 2019S024340 | B148: 43633 | C148: 0.86458333 | D148: =HOUR(C148) -> 20 | E148: =IF(D148<15,"Before 15","After 15") -> After 15 | F148: AVDA. BETANZOS | G148: =VLOOKUP(F148,DISTRICTS!B$2:C$626,2,FALSE) -> FUENCARRAL-EL PARDO | H148: =IFERROR(VLOOKUP(G148,'areas for question 4'!A$2:B$10,2,FALSE),"") -> North | I148: Reach | J148: Clear | K148: Driver | L148: 21 TO 24 YEARS | M148: Male
A149: 2019S024426 | B149: 43637 | C149: 0.67361111 | D149: =HOUR(C149) -> 16 | E149: =IF(D149<15,"Before 15","After 15") -> After 15 | F149: CALL. ELOY GONZALO / CALL. SANTISIMA TRINIDAD | G149: =VLOOKUP(F149,DISTRICTS!B$2:C$626,2,FALSE) -> CHAMBERÍ | H149: =IFERROR(VLOOKUP(G149,'areas for question 4'!A$2:B$10,2,FALSE),"") -> North | I149: Lateral collision | J149: Clear | K149: Driver | L149: 21 TO 24 YEARS | M149: Male
A150: 2019S024853 | B150: 43642 | C150: 0.81944444 | D150: =HOUR(C150) -> 19 | E150: =IF(D150<15,"Before 15","After 15") -> After 15 | F150: PLAZA. INDEPENDENCIA | G150: =VLOOKUP(F150,DISTRICTS!B$2:C$626,2,FALSE) -> RETIRO | H150: =IFERROR(VLOOKUP(G150,'areas for question 4'!A$2:B$10,2,FALSE),"") | I150: Reach | J150: Clear | K150: Driver | L150: 21 TO 24 YEARS | M150: Male | N150: 7
A151: 2019S024842 | B151: 43642 | C151: 0.7125 | D151: =HOUR(C151) -> 17 | E151: =IF(D151<15,"Before 15","After 15") -> After 15 | F151: PASEO. INFANTA ISABEL | G151: =VLOOKUP(F151,DISTRICTS!B$2:C$626,2,FALSE) -> RETIRO | H151: =IFERROR(VLOOKUP(G151,'areas for question 4'!A$2:B$10,2,FALSE),"") | I151: Head-on collision | K151: Driver | L151: 21 TO 24 YEARS | M151: Male | N151: 14
A152: 2019S025524 | B152: 43644 | C152: 0.56736111 | D152: =HOUR(C152) -> 13 | E152: =IF(D152<15,"Before 15","After 15") -> Before 15 | F152: CALL. RAFAEL BERGAMIN | G152: =VLOOKUP(F152,DISTRICTS!B$2:C$626,2,FALSE) -> CIUDAD LINEAL | H152: =IFERROR(VLOOKUP(G152,'areas for question 4'!A$2:B$10,2,FALSE),"") -> East | I152: Fall | J152: Clear | K152: Driver | L152: 21 TO 24 YEARS | M152: Male | N152: 2
A153: 2019S026421 | B153: 43646 | C153: 0.66666667 | D153: =HOUR(C153) -> 16 | E153: =IF(D153<15,"Before 15","After 15") -> After 15 | F153: GTA. PUENTE DE SEGOVIA | G153: =VLOOKUP(F153,DISTRICTS!B$2:C$626,2,FALSE) -> LATINA | H153: =IFERROR(VLOOKUP(G153,'areas for question 4'!A$2:B$10,2,FALSE),"") | I153: Reach | J153: Clear | K153: Driver | L153: 21 TO 24 YEARS | M153: Male | N153: 2
A154: 2019S025463 | B154: 43650 | C154: 0.18055556 | D154: =HOUR(C154) -> 4 | E154: =IF(D154<15,"Before 15","After 15") -> Before 15 | F154: CALL. ALCALA | G154: =VLOOKUP(F154,DISTRICTS!B$2:C$626,2,FALSE) -> CENTRO | H154: =IFERROR(VLOOKUP(G154,'areas for question 4'!A$2:B$10,2,FALSE),"") | I154: Other | J154: Clear | K154: Driver | L154: 21 TO 24 YEARS | M154: Male | N154: 14
A155: 2019S025463 | B155: 43650 | C155: 0.18055556 | D155: =HOUR(C155) -> 4 | E155: =IF(D155<15,"Before 15","After 15") -> Before 15 | F155: CALL. ALCALA | G155: =VLOOKUP(F155,DISTRICTS!B$2:C$626,2,FALSE) -> CENTRO | H155: =IFERROR(VLOOKUP(G155,'areas for question 4'!A$2:B$10,2,FALSE),"") | I155: Other | J155: Clear | K155: Passenger | L155: 21 TO 24 YEARS | M155: Female | N155: 6
A156: 2019S025640 | B156: 43651 | C156: 0.81597222 | D156: =HOUR(C156) -> 19 | E156: =IF(D156<15,"Before 15","After 15") -> After 15 | F156: CALL. MULLER / CALL. AZUCENAS | G156: =VLOOKUP(F156,DISTRICTS!B$2:C$626,2,FALSE) -> TETUÁN | H156: =IFERROR(VLOOKUP(G156,'areas for question 4'!A$2:B$10,2,FALSE),"") -> North | I156: Head-on collision | J156: Clear | K156: Driver | L156: 21 TO 24 YEARS | M156: Male
A157: 2019S025927 | B157: 43651 | C157: 0.052083333 | D157: =HOUR(C157) -> 1 | E157: =IF(D157<15,"Before 15","After 15") -> Before 15 | F157: AVDA. MENENDEZ PELAYO / CALL. O'DONNELL | G157: =VLOOKUP(F157,DISTRICTS!B$2:C$626,2,FALSE) -> RETIRO | H157: =IFERROR(VLOOKUP(G157,'areas for question 4'!A$2:B$10,2,FALSE),"") | I157: Reach | J157: Clear | K157: Driver | L157: 21 TO 24 YEARS | M157: Male
A158: 2019S025639 | B158: 43652 | C158: 0.13888889 | D158: =HOUR(C158) -> 3 | E158: =IF(D158<15,"Before 15","After 15") -> Before 15 | F158: CALL. JOSE ABASCAL | G158: =VLOOKUP(F158,DISTRICTS!B$2:C$626,2,FALSE) -> CHAMBERÍ | H158: =IFERROR(VLOOKUP(G158,'areas for question 4'!A$2:B$10,2,FALSE),"") -> North | I158: Fall | J158: Clear | K158: Driver | L158: 21 TO 24 YEARS | M158: Male | N158: 7
A159: 2019S026840 | B159: 43667 | C159: 0.92708333 | D159: =HOUR(C159) -> 22 | E159: =IF(D159<15,"Before 15","After 15") -> After 15 | F159: CALL. DOCTOR ESQUERDO | G159: =VLOOKUP(F159,DISTRICTS!B$2:C$626,2,FALSE) -> RETIRO | H159: =IFERROR(VLOOKUP(G159,'areas for question 4'!A$2:B$10,2,FALSE),"") | I159: Fall | J159: Clear | K159: Driver | L159: 21 TO 24 YEARS | M159: Male | N159: 2
A160: 2019S026841 | B160: 43668 | C160: 0.35416667 | D160: =HOUR(C160) -> 8 | E160: =IF(D160<15,"Before 15","After 15") -> Before 15 | F160: CALL. NAVARRA / CALL. PAMPLONA | G160: =VLOOKUP(F160,DISTRICTS!B$2:C$626,2,FALSE) -> TETUÁN | H160: =IFERROR(VLOOKUP(G160,'areas for question 4'!A$2:B$10,2,FALSE),"") -> North | I160: Fall | J160: Cloudy | K160: Driver | L160: 21 TO 24 YEARS | M160: Female | N160: 7
A161: 2019S027425 | B161: 43676 | C161: 0.96180556 | D161: =HOUR(C161) -> 23 | E161: =IF(D161<15,"Before 15","After 15") -> After 15 | F161: CUESTA DE LA VEGA | G161: =VLOOKUP(F161,DISTRICTS!B$2:C$626,2,FALSE) -> CENTRO | H161: =IFERROR(VLOOKUP(G161,'areas for question 4'!A$2:B$10,2,FALSE),"") | I161: Fall | J161: Clear | K161: Driver | L161: 21 TO 24 YEARS | M161: Female | N161: 7
A162: 2019S028932 | B162: 43703 | C162: 0.64583333 | D162: =HOUR(C162) -> 15 | E162: =IF(D162<15,"Before 15","After 15") -> After 15 | F162: PASEO. CAMOENS Y VALERO | G162: =VLOOKUP(F162,DISTRICTS!B$2:C$626,2,FALSE) -> MONCLOA-ARAVACA | H162: =IFERROR(VLOOKUP(G162,'areas for question 4'!A$2:B$10,2,FALSE),"") | I162: Crash into fixed obstacle | J162: Cloudy | K162: Driver | L162: 21 TO 24 YEARS | M162: Male | N162: 6
...

Sheet 1
A2: % of increase | B2: Gender
A3: Months | B3: Female | C3: Male
A4: ene
A5: feb | B5: 1.2857143 | C5: -0.16666667 | E5: Differences of sign in several months (Feb, Jun, Oct ..)
A6: mar | B6: 0.375 | C6: 0.71428571
A7: abr | B7: -0.54545455 | C7: -0.36666667
A8: may | B8: 1.6 | C8: 0.71052632
A9: jun | B9: -0.15384615 | C9: 0.12307692
A10: jul | B10: 0 | C10: -0.12328767
A11: ago | B11: -0.45454545 | C11: -0.3125
A12: sep | B12: 1.25 | C12: 0.90909091
A13: oct | B13: 0.037037037 | C13: -0.1547619
A14: nov | B14: -0.32142857 | C14: -0.4084507
A15: dic | B15: -0.26315789 | C15: -0.21428571
A16: Grand Total

Sheet 2
A1: DISTRICT | B1: (Multiple Items)
A3: % of accidents | B3: Type of accident
A4: Age Range | B4: Crash into fixed obstacle | C4: Fall | D4: Head-on collision | E4: Hitting a person | F4: Lateral collision | G4: Other | H4: Reach
A5: LESS THAN 18 YEARS OLD | B5: 0.5 | C5: 0.15384615 | D5: 0.29411765 | E5: 0.28571429 | F5: 0.28571429 | G5: 0 | H5: 0.11111111
A6: From 18 to 29 | B6: 0.25 | C6: 0.23076923 | D6: 0.29411765 | E6: 0.14285714 | F6: 0 | G6: 0 | H6: 0.22222222
A7: From 30 to 39 | B7: 0.25 | C7: 0.23076923 | D7: 0.11764706 | E7: 0.095238095 | F7: 0.28571429 | G7: 0 | H7: 0.22222222
A8: From 40 to 49 | B8: 0 | C8: 0.30769231 | D8: 0.11764706 | E8: 0.14285714 | F8: 0 | G8: 1 | H8: 0.11111111
A9: From 50 to 59 | B9: 0 | C9: 0.076923077 | D9: 0 | E9: 0.19047619 | F9: 0.28571429 | G9: 0 | H9: 0.22222222
A10: 60 or more | B10: 0 | C10: 0 | D10: 0.17647059 | E10: 0.14285714 | F10: 0.14285714 | G10: 0 | H10: 0.11111111
A11: Grand Total | B11: 1 | C11: 1 | D11: 1 | E11: 1 | F11: 1 | G11: 1 | H11: 1
B13: NOTE: AGE RANGES ARE GROUPED
B15: The majority of accidents are normally on the younger age range, probably because they are the ones that rent bikes more frequently
B16: However, for some type of accidents, this is not entirely true: Fall, Lateral collision, Other or Reach

Sheet 3
A2: % of accidents | B2: Moment of the day
A3: Row Labels | B3: Before 15 | C3: After 15
A4: ARGANZUELA | B4: 0.46753247 | C4: 0.53246753
A5: BARAJAS | B5: 0.46153846 | C5: 0.53846154
A6: CARABANCHEL | B6: 0.46666667 | C6: 0.53333333
A7: CENTRO | B7: 0.40384615 | C7: 0.59615385
A8: CHAMARTÍN | B8: 0.44230769 | C8: 0.55769231
A9: CHAMBERÍ | B9: 0.33846154 | C9: 0.66153846
A10: CIUDAD LINEAL | B10: 0.42307692 | C10: 0.57692308
A11: FUENCARRAL-EL PARDO | B11: 0.67346939 | C11: 0.32653061
A12: HORTALEZA | B12: 0.33333333 | C12: 0.66666667
A13: LATINA | B13: 0.43333333 | C13: 0.56666667
A14: MONCLOA-ARAVACA | B14: 0.37777778 | C14: 0.62222222
A15: MORATALAZ | B15: 0.40740741 | C15: 0.59259259
... A25: Grand Total | B25: 0.46179775 | C25: 0.53820225

Sheet areas for question 4
A1: DISTRICT | B1: AREA
A2: CIUDAD LINEAL | B2: East
A3: MORATALAZ | B3: East
A4: SAN BLAS-CANILLEJAS | B4: East
A5: VICÁLVARO | B5: East
A6: BARAJAS | B6: East
A7: CHAMARTÍN | B7: North
A8: FUENCARRAL-EL PARDO | B8: North
A9: TETUÁN | B9: North
A10: CHAMBERÍ | B10: North

Sheet 4
A3: Average of LESIVITY | B3: Column Labels
A4: Row Labels | B4: East | C4: North
A5: Clear | B5: 6.4285714 | C5: 6.3090909
A6: Cloudy | B6: 4.3333333 | C6: 5.5 | E6: Differences in most weather conditions
A7: Hailing | B7: 7
A8: Heavy rain | B8: 7
A9: Light rain | B9: 4.8 | C9: 6.2666667
A10: Grand Total | B10: 6.2758621 | C10: 6.2880435

Sheet DISTRICTS
B1: STREET | C1: DISTRICT
B2: CALL. BATALLA DEL SALADO / CALL. CACERES | C2: ARGANZUELA
B3: CALL. EMBAJADORES | C3: ARGANZUELA
B4: CALL. EMBAJADORES / CALL. LABRADORES | C4: ARGANZUELA
B5: CALL. EMBAJADORES / CALL. RICARDO GOIZUETA | C5: ARGANZUELA
B6: CALL. GENERAL LACY / CALL. ANCORA | C6: ARGANZUELA
B7: CALL. JUAN DE MARIANA | C7: ARGANZUELA
B8: CALL. JUAN DUQUE / CALL. MORENO NIETO | C8: ARGANZUELA
B9: CALL. MANZANARES / CALL. LINNEO | C9: ARGANZUELA
B10: CALL. MENDEZ ALVARO / AVDA. PLANETARIO | C10: ARGANZUELA
B11: CALL. MENDEZ ALVARO / CALL. TITAN | C11: ARGANZUELA
B12: CALL. MIGUEL ARREDONDO / CALL. ALONSO CARBONELL | C12: ARGANZUELA
... B626: SENDA CICLABLE-AV.ROSALES-CARRET.VILLAV. A VALLECA | C626: VILLAVERDE
